voice_id,test_clip,n_clips,cur_gender,cur_faction,faction_mix,sample_lines,YOUR_NAME,YOUR_GENDER(M/F),YOUR_FACTION,NOTES
V00,clone_tests/PrivFlightV0001.mp3,68,F,bounty_hunter,bounty_hunter:25;confed:25;merchant:14,Maybe we can do business sometime. | Now entering an automatic landing zone. | Welcome to the Happy Hunting Ground!,,,,
V01,clone_tests/PrivFlightV0101.mp3,44,M,militia,militia:28;confed:11;pirate:4,"Keep your eyes peeled for trouble, Ace. | Let me know if you hit trouble in my quad. | We got this sector bottle tight friend.",,,,
V02,clone_tests/PrivFlightV0201.mp3,38,M,pirate,pirate:27;merchant:5;retro:3,"Looking sharp, Ace. | You're clear for clicks. | Catch you on the next run.",,,,
V03,clone_tests/PrivFlightV0301.mp3,36,F,retro,retro:35;merchant:1,"weapons you adore! | Greater to humanity, we are wrath. | Repent! And accept our righteous judgment!",,,,
V04,clone_tests/PrivFlightV0401.mp3,35,M,retro,retro:35,Die by the very weapons you adore! | Train our to humanity. Feel our wrath. | Repent and accept our righteous judgment.,,,,
V05,clone_tests/PrivFlightV0501.mp3,33,M,bounty_hunter,bounty_hunter:33,"Welcome to the happy hunting grounds. | If you're smart, you'll watch your back. | Better clear out, trouble's brewing.",,,,
V06,clone_tests/PrivFlightV0601.mp3,30,F,militia,militia:29;merchant:1,"Keep your eyes peeled for trouble, Ace. | Let me know if you hit trouble in my quad. | We've got this sector-bottled tight friend.",,,,
V07,clone_tests/PrivFlightV0701.mp3,29,M,pirate,pirate:24;retro:4;militia:1,"Looking sharp, Ace! | Catch you on the next run. | Now I'm looking for trouble, Ace.",,,,
V08,clone_tests/PrivFlightV0801.mp3,29,M,confed,confed:29,"Your profile is clear to sector's edge. | Stick to establish lanes for your own good. | Patrol to civilian craft, keep your distance.",,,,
V09,clone_tests/PrivFlightV0901.mp3,28,M,kilrathi,kilrathi:28,"Do not, my claws are sheathed, my belly full. | I grant you passage today, looking ape. | Pointy boy, you make me laugh.",,,,
V10,clone_tests/PrivFlightV1001.mp3,27,M,steltek,steltek:15;merchant:12,We are Delta! | You will tell us what... | Hunters to it.,,,,
V11,clone_tests/PrivFlightV1101.mp3,23,M,bounty_hunter,bounty_hunter:14;salman_kreitz:9,"Oh, this is most distasteful, I must say. | If you're smart, you'll watch your back. | The advantage is mine. Now you die.",,,,
V12,clone_tests/PrivFlightV1201.mp3,23,M,pirate,pirate:15;confed:6;bounty_hunter:2,"What can sharp base? | Catch you on the next run. | Not looking for trouble, Ace.",,,,
V13,clone_tests/PrivFlightV1301.mp3,20,M,bounty_hunter,bounty_hunter:10;william_reordion:10,"The advantage is mine. Now you die. | Nothing personal, but your death is my game. | Killing you will put me in the black fly, boy.",,,,
V14,clone_tests/PrivFlightV1401.mp3,13,M,merchant,merchant:12;flight_controller:1,Now entering an automatic landing zone. | How's it going friend? | good to see a friendly ship.,,,,
V15,clone_tests/PrivFlightV1501.mp3,10,M,pirate,pirate:10,"Yeah, you were nailed, Paolo. | You're a loose end looking to be tied, pal. | You're finished, fly boy!",,,,
